﻿title,category,status,excerpt,content,cliente,img,vids,date,slug
Con la cabeza en las nubes,TV,publish,x,Finalista del PRIX JEUNESSE 2020,Pequeño Editor,http://luz-negra.com/wp-content/uploads/2020/09/Eli_psd_personaje_v02.jpg,https://vimeo.com/412868685,01/10/2020,con-la-cabeza-en-las-nubes
Loop,Experimental,publish,x,,,http://luz-negra.com/wp-content/uploads/2019/01/loop.png,https://vimeo.com/288523293,,loop
Prueba animación 3D,Experimental,publish,x,,,http://luz-negra.com/wp-content/uploads/2018/04/2.jpg,https://vimeo.com/264548529,,prueba-animacion-3d
Dash 101,Animación web,publish,x,Gráfica para la serie de videos educativos Dash 101 producida por BITFILM.,,http://luz-negra.com/wp-content/uploads/2018/04/dash.jpg,https://vimeo.com/264457919 https://vimeo.com/249676727,04/12/2018,dash
Greeneum,Animación web,publish,x,"Iconos animados a cargo de LUZ NEGRA para el video producido por BITFILM Production.
http://luz-negra.com/wp-content/uploads/2018/04/greeneum2.jpg
http://luz-negra.com/wp-content/uploads/2018/04/greeneum.jpg",,http://luz-negra.com/wp-content/uploads/2018/04/greeneum2.jpg,https://vimeo.com/222967547,04/12/2018,greeneum
ABECEDARIO ¡A leer con alegría!,TV,publish,Serie de separadores realizados por LUZ NEGRA junto a PEQUEÑO EDITOR para PAKA PAKA.,"Serie de separadores realizados por LUZ NEGRA junto a PEQUEÑO EDITOR para PAKA PAKA.
Ver serie completa",Paka Paka,http://luz-negra.com/wp-content/uploads/2018/03/ABC.jpg,https://vimeo.com/261569244 https://vimeo.com/264461694 https://vimeo.com/261574713 https://vimeo.com/261574974 https://vimeo.com/264454248 https://vimeo.com/264455387 https://vimeo.com/264472259 https://vimeo.com/264475135 https://vimeo.com/264476395 https://vimeo.com/264476972,,abecedario-a-leer-con-alegria
Tortuguita apurada,Animación web,publish,x,"Historia animada para BABYSEC.
Guión: María Laura Dedé.
Dibujos: María Laura Dedé.
Voces y Música: Mariana Melero Gabriela Bonomo
Animación: Inés Trigub (Luz Negra)
http://luz-negra.com/wp-content/uploads/2017/07/tortuguita-apurada-alta-0.00.45.10.jpg
http://luz-negra.com/wp-content/uploads/2017/07/tortuguita-apurada-alta-0.03.26.17.jpg
http://luz-negra.com/wp-content/uploads/2017/07/tortuguita-apurada-alta-0.00.10.09.jpg",,http://luz-negra.com/wp-content/uploads/2017/07/tortuguita-apurada-alta-0.00.45.10.jpg,https://vimeo.com/225661490,,tortuguita-apurada
3D,Ilustracion,publish,x,Ilustraciones 3d por Santiago Toyos (LUZ NEGRA),,http://luz-negra.com/wp-content/uploads/2016/11/Reloj_Sketchfab.jpg,https://skfb.ly/QFGA https://skfb.ly/TuQ9 https://skfb.ly/QpW6,,3d
Fragmento,Experimental,publish,x,,,http://luz-negra.com/wp-content/uploads/2016/11/cuerpo-humano.jpg,https://vimeo.com/168826476,,fragmento
Captain Drakins' Bitcoin Show,Animación web,publish,x,"Animaciones 2D a cargo de LUZ NEGRA, para la serie producida por BITFILM.",Bitfilm Production,http://luz-negra.com/wp-content/uploads/2016/11/bitcoin-0.01.01.11.jpg,https://www.youtube.com/watch?v=OGrs2QfY7KY https://www.youtube.com/watch?v=yItQ9L4GUeg,,captain-drakinsbitcoin-show
Pirámides,Experimental,publish,x,"http://luz-negra.com/wp-content/uploads/2016/11/PIRAMIDES-0.00.50.18.jpg
http://luz-negra.com/wp-content/uploads/2016/11/PIRAMIDES-0.00.14.23.jpg
http://luz-negra.com/wp-content/uploads/2016/11/PIRAMIDES-0.00.52.03.jpg",,http://luz-negra.com/wp-content/uploads/2016/11/PIRAMIDES-0.00.50.18.jpg,https://vimeo.com/183811746,,piramides
A buscarlos,Experimental,publish,x,"http://luz-negra.com/wp-content/uploads/2016/11/a-buscarlos0.00.01.18.jpg
http://luz-negra.com/wp-content/uploads/2016/11/a-buscarlos-0.00.09.20.jpg",,http://luz-negra.com/wp-content/uploads/2016/11/a-buscarlos0.00.01.18.jpg,https://vimeo.com/168681024,,a-buscarlos
Syne,Web,publish,x,"http://synefilms.com
http://luz-negra.com/wp-content/uploads/2016/05/logosyne.png
http://luz-negra.com/wp-content/uploads/2016/05/Syne3.jpg
http://luz-negra.com/wp-content/uploads/2016/05/Syne2.jpg
http://luz-negra.com/wp-content/uploads/2016/05/Syne.jpg",,http://luz-negra.com/wp-content/uploads/2016/05/logosyne.png,,,syne-films
VFX Boat,Web,publish,x,"http://vfxboat.com
http://luz-negra.com/wp-content/uploads/2016/04/vfx_logo_negro.png
http://luz-negra.com/wp-content/uploads/2016/04/vfxBoat.jpg
http://luz-negra.com/wp-content/uploads/2016/04/VFXBoat3.jpg
http://luz-negra.com/wp-content/uploads/2016/04/VFXBoat2.jpg
http://luz-negra.com/wp-content/uploads/2016/04/VFXBoat1.jpg",,http://luz-negra.com/wp-content/uploads/2016/04/vfx_logo_negro.png,,04/04/2016,vfx-boat
Game of Trade,Animación web,publish,x,Gráfica de la Serie Game of Trade producida por PULPO FILMS para TENARIS.,Tenaris,http://luz-negra.com/wp-content/uploads/2016/03/gameoftrade.jpg,https://vimeo.com/160722436,,game-of-trade
La Ballena Azul en Concierto,TV,publish,x,"Gráfica del programa La Ballena Azul en Concierto, Canal Encuentro.
Para la productora El Zócalo TV.",,http://luz-negra.com/wp-content/uploads/2015/11/leon1.jpg,https://vimeo.com/146895566,,la-ballena-azul-en-concierto
Le Avventure di Alina. Nasco!,Book trailers,publish,x,"Booktrailer del libro Le Avventure di Alina. Nasco! de Marina Rivera.
Música: Luis Bacalov.
Texto: Janna Carioli.
CNI / Giulio Perrone Editore.
http://luz-negra.com/wp-content/uploads/2015/11/alina.nasco_.jpg
http://luz-negra.com/wp-content/uploads/2015/11/alina-1.jpg
http://luz-negra.com/wp-content/uploads/2015/11/alina-2.jpg
http://luz-negra.com/wp-content/uploads/2015/11/alina-3.jpg",,http://luz-negra.com/wp-content/uploads/2015/11/alina.nasco_.jpg,https://vimeo.com/146892210,,le-avventure-di-alina
Trailer 2015,Reels,draft,x,"REEL LUZ NEGRA 2015
http://luz-negra.com/wp-content/uploads/2015/08/POSTAL-LUZ-NEGRArgb.jpg",,http://luz-negra.com/wp-content/uploads/2015/08/POSTAL-LUZ-NEGRArgb.jpg,https://vimeo.com/136575342,,trailer-2015
Hookup Animation,Web,publish,x,"films.hookupanimation.com
http://luz-negra.com/wp-content/uploads/2012/06/hookup.jpg
http://luz-negra.com/wp-content/uploads/2015/06/Screen_Shot_2015-06-03_at_11_08_52_AM.jpg
http://luz-negra.com/wp-content/uploads/2015/06/Screen_Shot_2015-06-03_at_11_10_02_AM.jpg
http://luz-negra.com/wp-content/uploads/2015/06/Screen_Shot_2015-06-03_at_11_13_23_AM.jpg
http://luz-negra.com/wp-content/uploads/2015/06/Screen_Shot_2015-06-03_at_11_24_40_AM.jpg",Hookup Animation,http://luz-negra.com/wp-content/uploads/2012/06/hookup.jpg,,06/03/2015,hookup-animation
Con el paso del tiempo,Book trailers,publish,x,"Booktrailer Con el paso del tiempo de José Sanabria.
Editorial: Comunicarte.",,http://luz-negra.com/wp-content/uploads/2015/05/BOOK-TRAILER-con-el-paso-del-tiempo.jpg,https://vimeo.com/127960296,,con-el-paso-del-tiempo
El cumpleaños de Mona Lisa,Book trailers,publish,x,"Booktrailer del libro El cumpleaños de Mona Lisa
Editorial Arte a Babor. Textos: Paula Fernández. Ilustraciones: Istvansch.
http://luz-negra.com/wp-content/uploads/2020/09/EL_CUMPLEANOS_DE_MONA_LISA_book-trailer-0.00.14.12.jpg
http://luz-negra.com/wp-content/uploads/2015/04/EL_CUMPLEAÑOS_DE_MONA_LISA_book-trailer-0.00.58.05.jpg
http://luz-negra.com/wp-content/uploads/2015/04/EL_CUMPLEAÑOS_DE_MONA_LISA_book-trailer-0.00.14.12.jpg
http://luz-negra.com/wp-content/uploads/2015/04/El-cumpleaños-de-Mona-Lisa.jpg",,http://luz-negra.com/wp-content/uploads/2020/09/EL_CUMPLEANOS_DE_MONA_LISA_book-trailer-0.00.14.12.jpg,https://vimeo.com/125043640,,el-cumpleanos-de-mona-lisa
Palacio Barolo Eventos,Web,publish,x,"Sitio web
http://baroloeventos.com.ar
http://luz-negra.com/wp-content/uploads/2015/02/10507066_714959388599803_556666548756895120_o.jpg
http://luz-negra.com/wp-content/uploads/2015/02/Screen-Shot-2015-02-05-at-7.06.59-PM.png
http://luz-negra.com/wp-content/uploads/2015/02/Screen-Shot-2015-02-05-at-7.07.13-PM.png",,http://luz-negra.com/wp-content/uploads/2015/02/10507066_714959388599803_556666548756895120_o.jpg,,02/05/2015,palacio-barolo-eventos
Pampa Libre,TV,publish,x,"Gráfica para la serie documental Pampa Libre.
Dirigida por Mariano Anania / producida por PULPO FILMS para CANAL ENCUENTRO
http://luz-negra.com/wp-content/uploads/2014/11/pampalibre1.jpg
http://luz-negra.com/wp-content/uploads/2014/11/pampalibre2.jpg",,http://luz-negra.com/wp-content/uploads/2014/11/pampalibre1.jpg,https://vimeo.com/112912107,,pampa-libre
Abecedario,Book trailers,publish,x,"Booktrailer del libro Abecedario, de Pequeño Editor.
Textos: Ruth Kaufman, Raquel Franco
Diseño e ilustraciones: Diego Bianki",,http://luz-negra.com/wp-content/uploads/2014/11/libro.jpg,https://vimeo.com/112903558,,abecedario
Tienda virtual Tinta Fresca,Web,publish,x,"Cliente: TINTA FRESCA.
Año: 2014.
Diseño del sitio.
http://luz-negra.com/wp-content/uploads/2014/10/tintalogo.png
http://luz-negra.com/wp-content/uploads/2014/10/screencapture-tiendafresca-8888-carrito.png
http://luz-negra.com/wp-content/uploads/2014/10/screencapture-tiendafresca-8888-categoria-libro-formacion-docente-mundo_docente-plan_lector.png
http://luz-negra.com/wp-content/uploads/2014/10/screencapture-tiendafresca-8888-categoria-libro-formacion-docente-mundo_docente.png",Tinta Fresca,http://luz-negra.com/wp-content/uploads/2014/10/tintalogo.png,,10/07/2014,tinta-fresca
Escuelas en red,TV,publish,x,"Gráfica para la serie Conectar Igualdad. Escuelas en red de CANAL ENCUENTRO, producida por EL ZOCALO TV.",,http://luz-negra.com/wp-content/uploads/2014/04/escuelasenred.jpg,,,escuelas-en-red
Una casa bien abierta,Book trailers,publish,x,"Booktrailer del libro Una casa bien abierta
Pequeño editor.
Textos: Carlos Pessoa Rosa
Ilustraciones: Claudia Legnazzi",,http://luz-negra.com/wp-content/uploads/2014/04/Una-casa-bien-abierta-booktrailer-0.01.37.16.jpg,https://vimeo.com/92596236,,una-casa-bien-abierta
Juego interactivo. Cuentos del Globo,Web,publish,x,"Juego interactivo Cuentos del Globo pequeño editor.
http://pequenoeditor.com/juego/rompecabezas
http://luz-negra.com/wp-content/uploads/2014/04/cdg01.jpg
http://luz-negra.com/wp-content/uploads/2014/04/cdg02.jpg
http://luz-negra.com/wp-content/uploads/2014/04/cdg05.jpg",Pequeño editor,http://luz-negra.com/wp-content/uploads/2014/04/cdg01.jpg,,08/10/2012,cuentos-del-globo
Porqué los elefantes prefieren jugar a la mancha,Book trailers,publish,x,"Booktrailer del libro Porqué los elefantes prefieren jugar a la mancha
Pequeño editor.
Textos: Silvina Rocha
Ilustraciones: Mey!",,http://luz-negra.com/wp-content/uploads/2016/04/tapa2.jpg,https://vimeo.com/89734736,,porque-los-elefantes-prefieren-jugar-a-la-mancha
Rompecabezas,Book trailers,publish,x,"Booktrailer del libro Rompecabezas de Diego Bianki.
Pequeño Editor.",,http://luz-negra.com/wp-content/uploads/2013/11/rc.jpg,https://vimeo.com/81044793,,rompecabezas
Publicidades para Pantallas Leds,Animación,draft,x,Publicidades Animadas para pantallas de Leds,,http://luz-negra.com/wp-content/uploads/2013/11/leds.jpg,https://vimeo.com/78990862,11/11/2013,publicidad-en-via-publica
Foro de Ediciones Contemporáneas,Animación web,publish,x,"FOEC - México, 2013. Ilustración Diego Bianki.",,http://luz-negra.com/wp-content/uploads/2013/11/foec.jpg,https://vimeo.com/78480894,08/08/2012,foro-de-ediciones-contemporaneas
Mi amigo imaginario. El maravilloso cuerpo humano.,Experimental,publish,x,Proyecto en proceso.,,http://luz-negra.com/wp-content/uploads/2013/04/baile.jpg,https://vimeo.com/133692337,08/08/2012,mi-amigo-imaginario-el-maravilloso-cuerpo-humano
Tiempo en el aire,Experimental,publish,x,"Videoclip de Tiempo en el aire de Lisandro Etala.
Realizado por Santiago Toyos (Luz Negra)",,http://luz-negra.com/wp-content/uploads/2012/08/tiempoenelaire.jpg,https://vimeo.com/109687454,08/08/2012,tiempo-en-el-aire
Dibujos,,draft,x,http://luz-negra.com/wp-content/uploads/2013/03/009.jpghttp://luz-negra.com/wp-content/uploads/2013/03/008.jpghttp://luz-negra.com/wp-content/uploads/2013/03/007x.jpghttp://luz-negra.com/wp-content/uploads/2013/03/paisaje.jpg,,http://luz-negra.com/wp-content/uploads/2013/03/paisaje.jpg,,04/10/2013,dibujos
Loomm Videos,Animación,draft,x,"Cliente: Loom, Magazine Online
Año: 2010
Diseño del logotipo
Diseño del sitio
Realización de los videos",,http://luz-negra.com/wp-content/uploads/2013/03/loomvideos.jpg,https://vimeo.com/64804672,,loomm-videos
Casa Nacional del Bicentenario,Web,publish,x,"Diseño y programación del archivo digital de la Casa Nacional del Bicentenario.
http://luz-negra.com/wp-content/uploads/2013/03/cnbarchivo.jpg
http://luz-negra.com/wp-content/uploads/2013/03/cnb4.jpg
http://luz-negra.com/wp-content/uploads/2013/03/cnb1.jpg
http://luz-negra.com/wp-content/uploads/2013/03/cnb2.jpg
http://luz-negra.com/wp-content/uploads/2013/03/cnb3.jpg",Casa Nacional del Bicentenario,http://luz-negra.com/wp-content/uploads/2013/03/cnbarchivo.jpg,,,casa-nacional-del-bicentenario
Sintonía Fina,TV,publish,x,"Logo animado para el programa de TV Sintonía Fina
Año: 2012",,http://luz-negra.com/wp-content/uploads/2013/03/sintonia.jpg,https://vimeo.com/64065954 https://vimeo.com/63758891,11/12/2013,sintonia-fina
Usá tu Net,TV,publish,x,"Gráfica de la serie Usá tu net de CANAL ENCUENTRO, producida por LUMA DOC",,http://luz-negra.com/wp-content/uploads/2013/03/logousatunet.png,https://vimeo.com/64218633 http://youtu.be/pKFxrQaeuuA,11/12/2013,usa-tu-net
Ciudadanos en Internet,TV,publish,x,"Gráfica de la serie Ciudadanos en Internet de CANAL ENCUENTRO, producida por LUMA DOC",,http://luz-negra.com/wp-content/uploads/2013/03/logo_ciudadanos.png,https://vimeo.com/64218632 https://vimeo.com/64218630 https://vimeo.com/64221978,11/12/2013,ciudadanos-en-internet
Hook up animation,Web,draft,ESTUDIO DE ANIMACION y EFECTOS VISUALES,"Cliente: Hook Up Animation
Año: 2012
Diseño del sitio http://www.hookupanimation.com
http://luz-negra.com/wp-content/uploads/2012/06/hookup.jpg
http://luz-negra.com/wp-content/uploads/2012/08/hookup3.jpg
http://luz-negra.com/wp-content/uploads/2012/08/hookup2.jpg
http://luz-negra.com/wp-content/uploads/2012/08/hookup1.jpg",,http://luz-negra.com/wp-content/uploads/2012/06/hookup.jpg,,11/12/2013,hook-up-animation
Tinta Fresca,Web,publish,x,"Cliente: Tinta Fresca
Año: 2012
Diseño del sitio
http://luz-negra.com/wp-content/uploads/2012/06/tintafresca.jpg
http://luz-negra.com/wp-content/uploads/2012/06/tinta3.jpg
http://luz-negra.com/wp-content/uploads/2012/06/tinta1-e1339004930546.jpg
http://luz-negra.com/wp-content/uploads/2012/06/tinta2-e1339004049315.jpg",Tinta Fresca,http://luz-negra.com/wp-content/uploads/2012/06/tintafresca.jpg,,10/12/2013,tinta-fresca
Güear,Web,publish,x,"Güear Revista Online.
Diseño del sitio.
http://luz-negra.com/wp-content/uploads/2013/03/logo_guear.png
http://luz-negra.com/wp-content/uploads/2012/06/guear2.jpg
http://luz-negra.com/wp-content/uploads/2012/06/guear3.jpghttp://luz-negra.com/wp-content/uploads/2012/06/guear1.jpg",Güear,http://luz-negra.com/wp-content/uploads/2013/03/logo_guear.png,,06/06/2012,g
Libros,Book trailers,publish,x,"VIDEO: LIBROS para Pequeño Editor
Año: 2011",,http://luz-negra.com/wp-content/uploads/2012/08/libros.jpg,https://www.youtube.com/watch?v=_LNujofuMxI,08/10/2012,video-libros
J.Brandon,Web,draft,NEGOCIOS INMOBILIARIOS,"J.Brandon Propiedades
Cliente: J.Brandon.
Año: 2011
Diseño del sitio jbrandonpropiedades.com.ar
http://luz-negra.com/wp-content/uploads/2010/07/logo_brandon.png
http://luz-negra.com/wp-content/uploads/2010/07/brandon.prt_.02.jpg
http://luz-negra.com/wp-content/uploads/2010/07/brandon.prt_.01.jpg",,http://luz-negra.com/wp-content/uploads/2010/07/logo_brandon.png,,07/12/2010,j-brandon-propiedades
IDs PakaPaka,TV,publish,x,"Serie de IDs para el canal PAKA PAKA
Campaña: Los ilustradores también queremos ver Paka Paka
Año: 2012",,http://luz-negra.com/wp-content/uploads/2012/08/bernasconi2.jpg,https://vimeo.com/107137257 https://vimeo.com/107137253 https://vimeo.com/107137256 https://vimeo.com/107163529 https://vimeo.com/107163531 https://vimeo.com/107382355 https://vimeo.com/107163527 https://vimeo.com/107137259 https://vimeo.com/107163534 https://vimeo.com/107137254,08/10/2012,paka-paka
Pequeño editor,Web,publish,x,"Diseño del sitio web de Pequeño editor
Año: 2011
http://luz-negra.com/wp-content/uploads/2011/04/pequeno.jpg
http://luz-negra.com/wp-content/uploads/2011/04/p_editor1.jpg
http://luz-negra.com/wp-content/uploads/2011/04/p_editor4.jpg
http://luz-negra.com/wp-content/uploads/2011/04/p_editor3.jpg",Pequeño editor,http://luz-negra.com/wp-content/uploads/2011/04/pequeno.jpg,,,pequeno-editor
Teatro para Ejecutivos,Web,publish,x,"Teatro para Ejecutivos / Jorge Sabaté http://teatroejecutivos.com.ar
http://luz-negra.com/wp-content/uploads/2010/07/sabate1.jpg
http://luz-negra.com/wp-content/uploads/2011/03/sabate.jpg",,http://luz-negra.com/wp-content/uploads/2010/07/sabate1.jpg,,07/12/2010,teatro-para-ejecutivos
Willem,Diseño,draft,Se Mueve,"Willem / Se Mueve
Año: 2011Diseño del CD Se Mueve
http://luz-negra.com/wp-content/uploads/2011/01/semueve-tapa.jpg
http://luz-negra.com/wp-content/uploads/2011/01/wilem-semueve.jpg
http://luz-negra.com/wp-content/uploads/2011/01/semueve-cd.jpg",,http://luz-negra.com/wp-content/uploads/2011/01/semueve-tapa.jpg,,,willem
MondoMambo,Web,draft,ESTUDIO DE EDICIÓN,"MONDOMAMBO. http://mondomambo.com.ar
Año: 2010
Diseño y programación del sitio.
Ilustración: Hernán Garbarino.
http://luz-negra.com/wp-content/uploads/2010/07/mondomambo.jpg
http://luz-negra.com/wp-content/uploads/2010/09/MM1.jpg
http://luz-negra.com/wp-content/uploads/2010/09/MM3.jpg",MONDOMAMBO,http://luz-negra.com/wp-content/uploads/2010/07/mondomambo.jpg,,,mondomambo
Proleche,Web,draft,POR MÁS Y MEJOR LECHE.,"http://www.proleche.com.ar
Diseño y programación del sitio.
Año: 2010.
http://luz-negra.com/wp-content/uploads/2010/07/proleche.jpg
http://luz-negra.com/wp-content/uploads/2010/10/proleche.jpg",PROLECHE,http://luz-negra.com/wp-content/uploads/2010/07/proleche.jpg,,07/11/2010,proleche
Aprocal,Web,draft,ASOCIACIÓN PRO CALIDAD DE LA LECHE,"APROCAL / http://www.aprocal.com.ar
Año: 2010.
Diseño y programación del sitio.
http://luz-negra.com/wp-content/uploads/2010/09/aprocal0.jpg
http://luz-negra.com/wp-content/uploads/2010/07/aprocal.jpg",APROCAL,http://luz-negra.com/wp-content/uploads/2010/09/aprocal0.jpg,,07/11/2010,aprocal-2
Willem,Animación,draft,DISEÑO DE CD,"WILLEM. SOY SOLO UNA VEZ
Año: 2005
Diseño del CD Soy una sola vez
http://luz-negra.com/wp-content/uploads/2010/07/willem1.jpg
http://luz-negra.com/wp-content/uploads/2010/08/contratapa.jpg
http://luz-negra.com/wp-content/uploads/2010/08/willem1.jpg",,http://luz-negra.com/wp-content/uploads/2010/07/willem1.jpg,,,willem-cd
Latingrafica,Diseño,pending,colaboración para libro,"http://toran.servidoraweb.net/~luznegra/wp-content/uploads/2010/08/016.jpg
http://luz-negra.com/wp-content/uploads/2010/08/latingrafica.jpg
http://luz-negra.com/wp-content/uploads/2010/08/016.jpg",,http://luz-negra.com/wp-content/uploads/2010/08/latingrafica.jpg,,,latingrafica
ID Bicentenario,TV,publish,x,"CANAL ENCUENTRO
2010
Diseño: Gabriela Salem",Canal Encuentro,http://luz-negra.com/wp-content/uploads/2010/07/bicentenario.jpg,https://vimeo.com/110006252 https://vimeo.com/110006253,10/12/2013,id-bicentenario
El libro perdido,Animación web,draft,BIBLIOTECA NACIONAL.,"Cliente: BIBLIOTECA NACIONAL.
Año: 2009.
Realización: LUZ NEGRA.",,http://luz-negra.com/wp-content/uploads/2010/07/libroperdido.jpg,https://vimeo.com/110009794,07/10/2010,el-libro-perdido
Mestizo,Animación web,draft,CANAL ENCUENTRO.,"MESTIZO, UNA HISTORIA DEL ARTE LATINOAMERICANO.
CANAL ENCUENTRO.
Año: 2007.
Animación y composición: LUZ NEGRA.
Diseño: Lorena Ruiz y José Saconne.",,http://luz-negra.com/wp-content/uploads/2010/07/mestizo.jpg,https://vimeo.com/110010038,07/10/2010,mestizo
El Fantasma,Animación web,draft,CANAL à.,"EL FANTASMA, UNA CITA IMPREVISTA.
Cliente: CANAL à.
Animación y composición: LUZ NEGRA.
Diseño: Jimena Oddi.",,http://luz-negra.com/wp-content/uploads/2010/07/fantasma.jpg,https://vimeo.com/110010359,07/10/2010,el-fantasma-una-cita-imprevista
REEL experimental,Animación,draft,TRABAJOS EXPERIMENTALES,REEL. Fragmentos de algunos de nuestros TRABAJOS EXPERIMENTALES.,,http://luz-negra.com/wp-content/uploads/2011/06/experimental.jpg,https://vimeo.com/110007131,,reel-experimental
Logotipos,Diseño,draft,LOGOTIPO,"http://luz-negra.com/wp-content/uploads/2010/07/logo_picoseco.png
http://luz-negra.com/wp-content/uploads/2010/08/pico2.jpg
PICOSECO
Cliente: ESTUDIO PICOSECO
Año: 2000

http://luz-negra.com/wp-content/uploads/2010/08/loomm-logo.jpg
LOOMM
Cliente: Loomm, magazine online.
Año: 2009

http://luz-negra.com/wp-content/uploads/2010/07/logo_h2.png
H2
Cliente: Habitados.tv
Año: 2010

http://luz-negra.com/wp-content/uploads/2012/06/mas3db.png
Mas3db
Cliente: mas3db",,http://luz-negra.com/wp-content/uploads/2010/07/logo_picoseco.png,,,logotipos
Willem,Experimental,publish,Videoclip Flow,"VIDEOCLIP FLOW de WILLEM.
Año: 2008
Realización: Santiago Toyos (LUZ NEGRA)",,http://luz-negra.com/wp-content/uploads/2010/07/willem.jpg,https://vimeo.com/873669,07/01/2010,willem-flow
Combinaciones,Animación,pending,x,,,,,,combinaciones
Habitados.tv,Web,publish,x,"Cliente: HABITADOS.TV, CANAL METRO.
Año: 2010
Diseño del sitio http://www.habitados.tv
Diseño del logotipo
http://luz-negra.com/wp-content/uploads/2010/07/h2.jpg
http://luz-negra.com/wp-content/uploads/2010/08/h2_1.jpg
http://luz-negra.com/wp-content/uploads/2010/08/h2_2.jpg",,http://luz-negra.com/wp-content/uploads/2010/07/h2.jpg,,,habitados-tv
Amor Barato,Ilustracion,draft,REVISTA AMOR BARATO,"REVISTA AMOR BARATO
Año: 2000
Ilustraciones: Santiago Toyos (LUZ NEGRA)",,http://luz-negra.com/wp-content/uploads/2010/07/amorBarato.jpg,,,revista-amor-barato
Proyecciones Willem,Animación,pending,Proyecciones para recital de Willem.,"El video muestra fragmentos de las imágenes realizadas para ser proyectadas durante un recital de la banda Willem.
Cliente: Willem.
Realización integral: LUZ NEGRA.",,http://luz-negra.com/wp-content/uploads/2010/07/willem1.png,,07/01/2010,proyecciones-willem
Subte,Experimental,publish,Video experimental,"Video experimental.
Realización: Santiago Toyos (LUZ NEGRA).",,http://luz-negra.com/wp-content/uploads/2009/07/subte.jpg,https://vimeo.com/64806022,,subte
Angeles Caídos,TV,publish,x,"Gráfica del programa Angeles Caídos
CANAL CIUDAD ABIERTA.
Año: 2006
Diseño: Lorena Ruiz.",,http://luz-negra.com/wp-content/uploads/2010/07/angeles.jpg,https://vimeo.com/110010360,07/10/2010,angeles-caidos
Glorias de mi Ciudad,TV,publish,x,"Gráfica para la serie Glorias de mi Ciudad CANAL CIUDAD ABIERTA.
Año: 2006.
Diseño: Lorena Ruiz.",,http://luz-negra.com/wp-content/uploads/2010/07/glrias.jpg,https://vimeo.com/110010037,07/12/2010,glorias-de-mi-cuidad
Mascotas de Cuento,Ilustracion,publish,x,"EDITORIAL: NORMA. Colección TORRE DE PAPEL AZUL.
Año: 2006.
Ilustraciones: Inés Trigub (LUZ NEGRA).
http://luz-negra.com/wp-content/uploads/2010/07/mascotas2.jpg
http://luz-negra.com/wp-content/uploads/2010/07/mascotas.jpg",,http://luz-negra.com/wp-content/uploads/2010/07/mascotas2.jpg,,,mascotas-de-cuento
REEL Gráfica para TV,"Animación, TV",draft,MOTION GRAPHICS para TV.,"REEL MOTION GRAPHICS para TV
Trabajos que incluye el reel:
Animapaka. Canal Pakapaka. Ilustraciones: Marcela Ruidiaz.
Canal Encuentro, ID bicentenario. Diseño: Gabriela Salem.
El libro perdido. Biblioteca Nacional.
Villa della pasta, el Gourmet. Diseño: Andrés Onna.
El fantasma, una cita imprevista, Canal à. Diseño: Jimena Oddi.
Mestizo, una historia del arte latinoamericano, Canal Encuentro. Diseño: Lorena Ruiz y José Sacconne.
Branding 2008, Canal Ciudad Abierta. Diseño: Jimena Oddi.
Oficios, Canal Ciudad Abierta. Diseño: Andrés Onna.
Deporteños, Canal Ciudad Abierta. Diseño: Jimena Oddi.
General paz, Canal Ciudad Abierta. Diseño: Lorena Ruiz.
Multitudes Argentinas, Canal Ciudad Abierta. Diseño: Lorena Ruiz.
Esma, una institución argentina, Canal Ciudad Abierta. Diseño: Lorena Ruiz.
Divino tesoro, Canal Ciudad Abierta. Diseño: Lorena Ruiz.
Angeles caidos, Canal Ciudad Abierta. Diseño: Lorena Ruiz.
Glorias de mi ciudad, Canal Ciudad Abierta. Diseño: Lorena Ruiz.
Verebó TV, canal 7.",,http://luz-negra.com/wp-content/uploads/2011/06/esma.jpg,,,reel-grafica-tv
Villa della Pasta,TV,publish,x,"Gráfica para VILLA DELLA PASTA CANAL EL GOURMET.
Año: 2008.
Ilustraciones: Andrés Onna.",,http://luz-negra.com/wp-content/uploads/2010/07/villa.jpg,https://vimeo.com/110009321,,villa-della-pasta
Animapaka,TV,publish,x,"Apertura de la serie Animapaka CANAL PAKAPAKA, producida por FOCUS
Ilustraciones: Marcela Ruidiaz.",,http://luz-negra.com/wp-content/uploads/2010/07/intro_008491.jpg,https://vimeo.com/67469902,08/10/2012,animapaka
Autos,Ilustracion,publish,x,"Libro escrito e ilustrado por Inés Trigub (LUZ NEGRA).
Editorial: PEQUEÑO EDITOR. http://pequenoeditor.com
http://luz-negra.com/wp-content/uploads/2010/07/autos1.jpg
http://luz-negra.com/wp-content/uploads/2010/07/autos.jpg",,http://luz-negra.com/wp-content/uploads/2010/07/autos1.jpg,,,autos
Reel santi,Animación,pending,x,,,http://luz-negra.com/wp-content/uploads/2010/07/reel-H.jpg,,,reel-santi
Fiesta de disfraces,Ilustracion,publish,x,"Libro escrito e ilustrado por Inés Trigub (LUZ NEGRA)
Editorial: PEQUEÑO EDITOR. www.pequenoeditor.com
Año: 2007
http://luz-negra.com/wp-content/uploads/2010/07/fiesta.jpg
http://luz-negra.com/wp-content/uploads/2010/07/fiestadedisfraces.jpg",,http://luz-negra.com/wp-content/uploads/2010/07/fiesta.jpg,,,fiesta-de-disfraces
Loomm,Otros,draft,MAGAZINE ONLINE.,"LOOMM
Cliente: Loom, Magazine Online.
Realización de los videos.
http://luz-negra.com/wp-content/uploads/2010/07/loomm.jpg
http://luz-negra.com/wp-content/uploads/2010/07/Screen-shot-2010-07-14-at-14.39.35.png",,http://luz-negra.com/wp-content/uploads/2010/07/loomm.jpg,,,loomm
Milenium Bike,Web,draft,Bicicletas,Bicicletas,,,,07/12/2010,milenium-bike
Lucila Toyos,Web,pending,OBJETOS DE DECORACIÓN.,"lucilatoyos.com
Cliente : LUCILA TOYOS, objetos de decoración.
Año: 2008
Diseño, programación y mantenimiento del sitio.",,http://luz-negra.com/wp-content/uploads/2010/07/lt1.png,,07/12/2010,lt
Lactodiagnóstico Sur,Web,draft,x,"LACTODIAGNOSTICO SUR: http://www.lactodiagnosticosur.com.ar
Cliente: LACTODIAGNOSTICO SUR, laboratorio lácteo.
Diseño y programación del sitio.
http://luz-negra.com/wp-content/uploads/2010/07/lacto.jpg
http://luz-negra.com/wp-content/uploads/2010/07/lacto.png
http://luz-negra.com/wp-content/uploads/2010/07/prtlacto.jpg",,http://luz-negra.com/wp-content/uploads/2010/07/lacto.jpg,,,lactodiagnostico-sur